{"MAE": 3225.308513020833, "MAPE(en %)": 14.726758823507518, "rmse": 3487.577161276425}